"sy","site","year","hyb","mg_ha","pt_acre","srad_total","ppt_total","susm","tmean","yield"
1,1,2011,73,8.02796537948384,27006,2.37653226276457,3.5324584576816,164.015056080618,21.1508655937821,10.9316887532145
1,1,2011,85,6.74123128816704,27506,2.37653226276457,3.5324584576816,164.015056080618,21.1508655937821,10.8599474151247
1,1,2011,92,6.0570653566864,27006,2.37653226276457,3.5324584576816,164.015056080618,21.1508655937821,4.85497072520535
2,1,2012,1,5.61141598847424,26000,2.46793871864752,0.496004466532328,93.7879776363598,20.6999046082756,13.1583056898392
2,1,2012,1,5.69929051178368,26000,2.46793871864752,0.496004466532328,93.7879776363598,20.6999046082756,12.5757606265314
2,1,2012,1,9.35863673245536,26000,2.46793871864752,0.496004466532328,93.7879776363598,20.6999046082756,13.5110030764506
2,1,2012,5,8.8188360892688,26000,2.46793871864752,0.496004466532328,91.8464080995955,20.6067709412267,9.60308172533238
2,1,2012,5,9.36491348412032,26000,2.46793871864752,0.496004466532328,91.8464080995955,20.6067709412267,10.1892731287309
2,1,2012,5,9.51555552407936,26000,2.46793871864752,0.496004466532328,91.8464080995955,20.6067709412267,10.8426102342049
2,1,2012,6,7.5948695146016,26000,2.46793871864752,0.496004466532328,93.7879776363598,20.6999046082756,11.6560413137143
2,1,2012,6,9.0385223975424,26000,2.46793871864752,0.496004466532328,93.7879776363598,20.6999046082756,12.349283998681
2,1,2012,6,11.3546437619126,26000,2.46793871864752,0.496004466532328,93.7879776363598,20.6999046082756,11.7709766726254
2,1,2012,7,7.18060390471424,26000,2.46793871864752,0.496004466532328,91.8464080995955,20.6067709412267,14.0762111038749
2,1,2012,7,10.3754705021789,26000,2.46793871864752,0.496004466532328,91.8464080995955,20.6067709412267,14.6271784698681
2,1,2012,7,11.6810348484906,26000,2.46793871864752,0.496004466532328,91.8464080995955,20.6067709412267,13.4219600517551
2,1,2012,8,6.51526822822848,26000,2.46793871864752,0.496004466532328,93.7879776363598,20.6999046082756,10.1325478073248
2,1,2012,8,9.6975813223632,26000,2.46793871864752,0.496004466532328,93.7879776363598,20.6999046082756,10.5753448135227
2,1,2012,8,11.2793227419331,26000,2.46793871864752,0.496004466532328,93.7879776363598,20.6999046082756,10.1909236499171
2,1,2012,9,9.41512749744,26000,2.46793871864752,0.496004466532328,91.8464080995955,20.6067709412267,2.67967676705755
2,1,2012,35,10.8901641387056,26000,2.46793871864752,0.496004466532328,91.8464080995955,20.6067709412267,15.1158690640244
2,1,2012,35,11.1726179636288,26000,2.46793871864752,0.496004466532328,91.8464080995955,20.6067709412267,16.3187646410592
2,1,2012,41,9.64736730904352,26000,2.46793871864752,0.496004466532328,93.7879776363598,20.6999046082756,9.60352481677267
2,1,2012,41,12.0199794383984,26000,2.46793871864752,0.496004466532328,93.7879776363598,20.6999046082756,8.21586756550809
2,1,2012,41,9.93609788563168,26000,2.46793871864752,0.496004466532328,91.8464080995955,20.6067709412267,9.45669905334433
2,1,2012,47,10.0930166772557,26000,2.46793871864752,0.496004466532328,91.8464080995955,20.6999046082756,12.0017150323445
2,1,2012,47,11.304429748593,26000,2.46793871864752,0.496004466532328,91.8464080995955,20.6999046082756,12.56193074163
2,1,2012,52,6.8730430731312,26000,2.46793871864752,0.496004466532328,93.7879776363598,20.6999046082756,11.185898389687
2,1,2012,52,6.94208734144576,26000,2.46793871864752,0.496004466532328,93.7879776363598,20.6999046082756,11.0428554189286
2,1,2012,52,11.2855994935981,26000,2.46793871864752,0.496004466532328,93.7879776363598,20.6999046082756,10.108600930874
2,1,2012,52,7.10528288473472,26000,2.46793871864752,0.496004466532328,91.8464080995955,20.6999046082756,11.6246067334325
2,1,2012,52,10.8713338837107,26000,2.46793871864752,0.496004466532328,91.8464080995955,20.6999046082756,12.1145364971309
2,1,2012,52,11.6998651034854,26000,2.46793871864752,0.496004466532328,91.8464080995955,20.6999046082756,10.8128513631944
2,1,2012,53,7.77061856122048,26000,2.46793871864752,0.496004466532328,93.7879776363598,20.6999046082756,13.1639962501963
2,1,2012,53,8.29158894941216,26000,2.46793871864752,0.496004466532328,93.7879776363598,20.6999046082756,14.0323058713746
2,1,2012,53,9.70385807402816,26000,2.46793871864752,0.496004466532328,93.7879776363598,20.6999046082756,12.1126141760106
2,1,2012,54,10.0741864222608,26000,2.46793871864752,0.496004466532328,91.8464080995955,20.6999046082756,19.3999995325914
2,1,2012,54,12.5032893166003,26000,2.46793871864752,0.496004466532328,91.8464080995955,20.6999046082756,17.8155821045662
2,1,2012,73,5.00884782863808,26000,2.46793871864752,0.496004466532328,93.7879776363598,20.6999046082756,11.031430534954
2,1,2012,73,7.86476983619488,26000,2.46793871864752,0.496004466532328,93.7879776363598,20.6999046082756,10.9249478087797
2,1,2012,73,8.41712398271136,26000,2.46793871864752,0.496004466532328,93.7879776363598,20.6999046082756,9.59194191619774
2,1,2012,74,6.97347109977056,26000,2.46793871864752,0.496004466532328,93.7879776363598,20.6999046082756,10.8199111553241
2,1,2012,74,8.01541187615392,26000,2.46793871864752,0.496004466532328,93.7879776363598,20.6999046082756,10.7355300900177
2,1,2012,74,10.513559038808,26000,2.46793871864752,0.496004466532328,93.7879776363598,20.6999046082756,10.988011846933
2,1,2012,74,8.68074755263968,26000,2.46793871864752,0.496004466532328,91.8464080995955,20.6999046082756,10.358947533339
2,1,2012,74,9.8231163556624,26000,2.46793871864752,0.496004466532328,91.8464080995955,20.6999046082756,10.6888809921791
2,1,2012,74,12.4154147932909,26000,2.46793871864752,0.496004466532328,91.8464080995955,20.6999046082756,10.6017717635112
2,1,2012,86,6.55292873821824,26000,2.46793871864752,0.496004466532328,93.7879776363598,20.6999046082756,10.5070371457309
2,1,2012,86,9.23310169915616,26000,2.46793871864752,0.496004466532328,93.7879776363598,20.6999046082756,11.0884349198553
2,1,2012,86,10.9215478970304,26000,2.46793871864752,0.496004466532328,93.7879776363598,20.6999046082756,9.91295156736278
2,1,2012,86,8.42967748604128,26000,2.46793871864752,0.496004466532328,91.8464080995955,20.6067709412267,10.7641813857885
2,1,2012,86,11.6998651034854,26000,2.46793871864752,0.496004466532328,91.8464080995955,20.6067709412267,11.1483045208659
2,1,2012,89,7.32496919300832,26000,2.46793871864752,0.496004466532328,93.7879776363598,20.6999046082756,9.43691726912536
2,1,2012,89,9.30842271913568,26000,2.46793871864752,0.496004466532328,93.7879776363598,20.6999046082756,11.4153603486239
2,1,2012,89,11.4048577752323,26000,2.46793871864752,0.496004466532328,93.7879776363598,20.6999046082756,11.08318039241
2,1,2012,90,4.53181470210112,26000,2.46793871864752,0.496004466532328,93.7879776363598,20.6999046082756,10.8279798576136
2,1,2012,90,7.61369976959648,26000,2.46793871864752,0.496004466532328,93.7879776363598,20.6999046082756,9.37455948161503
2,1,2012,90,10.6955848370918,26000,2.46793871864752,0.496004466532328,93.7879776363598,20.6999046082756,10.936067220644
2,1,2012,91,3.47104367072288,26000,2.46793871864752,0.496004466532328,93.7879776363598,20.6999046082756,8.03283945552299
2,1,2012,91,6.6533567648576,26000,2.46793871864752,0.496004466532328,93.7879776363598,20.6999046082756,7.87450774382761
2,1,2012,91,11.1977249702886,26000,2.46793871864752,0.496004466532328,93.7879776363598,20.6999046082756,9.82245406110407
3,1,2014,25,9.823116,26506,2.28106024540452,3.48458973583946,85.039580031061,17.8885680680931,14.9924615296483
3,1,2014,34,9.942375,26506,2.28106024540452,3.48458973583946,85.039580031061,17.8885680680931,18.9301723532272
3,1,2014,40,9.452788,25006,2.28106024540452,3.48458973583946,85.039580031061,17.1230423715274,13.3846339179781
3,1,2014,64,11.95094,26506,2.28106024540452,3.48458973583946,85.039580031061,17.8885680680931,12.7597740182457
3,1,2014,72,10.80857,26006,2.28106024540452,3.48458973583946,85.039580031061,17.1230423715274,9.07974736941898
4,1,2015,42,9.000415,26000,2.34692697580932,4.49101375543547,93.0758697653687,18.0268661873248,11.5825935454984
4,1,2015,42,9.134577,26000,2.34692697580932,4.49101375543547,93.0758697653687,18.0268661873248,12.0806708185769
4,1,2015,46,9.202938,26000,2.34692697580932,4.49101375543547,93.0758697653687,18.0268661873248,8.65245400228168
4,1,2015,46,9.48734,26000,2.34692697580932,4.49101375543547,93.0758697653687,18.0268661873248,9.29815005839714
4,1,2015,48,9.604138,26000,2.34692697580932,4.49101375543547,93.0758697653687,18.0268661873248,11.9798491843109
4,1,2015,48,9.922509,26000,2.34692697580932,4.49101375543547,93.0758697653687,18.0268661873248,11.6397982259485
4,1,2015,49,10.85716,26000,2.34692697580932,4.49101375543547,93.0758697653687,18.0268661873248,8.11686865313931
4,1,2015,49,11.5078,26000,2.34692697580932,4.49101375543547,93.0758697653687,18.0268661873248,7.71579146145487
4,1,2015,61,7.596237,26000,2.34692697580932,4.49101375543547,93.0758697653687,18.0268661873248,9.47405347078697
4,1,2015,61,8.459362,26000,2.34692697580932,4.49101375543547,93.0758697653687,18.0268661873248,10.3287403929653
4,1,2015,71,9.204857,26000,2.34692697580932,4.49101375543547,93.0758697653687,18.0268661873248,14.8714931039013
4,1,2015,71,10.33861,26000,2.34692697580932,4.49101375543547,93.0758697653687,18.0268661873248,14.2561599377922
4,1,2015,82,8.923409,26000,2.34692697580932,4.49101375543547,93.0758697653687,18.0268661873248,11.5315549987281
4,1,2015,82,9.038137,26000,2.34692697580932,4.49101375543547,93.0758697653687,18.0268661873248,12.2195522262948
5,1,2016,23,14.11472,25005.5,2.43315550240596,1.93834471355249,153.431194157298,18.9404989821347,14.3549024223747
5,1,2016,23,14.11472,25006,2.43315550240596,1.93834471355249,153.431194157298,18.9404989821347,15.2689537270554
5,1,2016,23,14.30326,25005.5,2.43315550240596,1.93834471355249,153.431194157298,18.9404989821347,14.8631646710364
5,1,2016,23,14.30326,25006,2.43315550240596,1.93834471355249,153.431194157298,18.9404989821347,13.9827016603634
5,1,2016,25,14.85406,25505.61,2.43315550240596,1.93834471355249,153.431194157298,18.9404989821347,16.8238187851375
5,1,2016,25,14.85406,25506,2.43315550240596,1.93834471355249,153.431194157298,18.9404989821347,17.9542367514337
5,1,2016,43,12.84367,25505.61,2.43315550240596,1.93834471355249,153.431194157298,18.9404989821347,14.5157657127867
5,1,2016,43,12.84367,25506,2.43315550240596,1.93834471355249,153.431194157298,18.9404989821347,12.541028853463
5,1,2016,62,12.79003,25505.61,2.43315550240596,1.93834471355249,153.431194157298,18.9404989821347,9.50935186735615
5,1,2016,62,12.79003,25506,2.43315550240596,1.93834471355249,153.431194157298,18.9404989821347,11.1031116164985
5,1,2016,64,13.66204,27005.94,2.43315550240596,1.93834471355249,153.431194157298,18.9404989821347,12.0635567387726
5,1,2016,64,13.66204,27006,2.43315550240596,1.93834471355249,153.431194157298,18.9404989821347,14.3468161636007
5,1,2016,66,13.14073,25006,2.43315550240596,1.93834471355249,153.431194157298,18.9404989821347,7.19751759446491
5,1,2016,68,13.14073,25005.5,2.43315550240596,1.93834471355249,153.431194157298,18.9404989821347,14.564976918892
5,1,2016,70,13.662,25005.5,2.43315550240596,1.93834471355249,153.431194157298,18.9404989821347,12.7902331769418
5,1,2016,70,13.662,25006,2.43315550240596,1.93834471355249,153.431194157298,18.9404989821347,11.6509975622714
5,1,2016,77,12.47462,26505.83,2.43315550240596,1.93834471355249,153.431194157298,18.9404989821347,16.804951497887
5,1,2016,77,12.47462,26506,2.43315550240596,1.93834471355249,153.431194157298,18.9404989821347,15.7580576965329
5,1,2016,83,14.56276,27005.94,2.43315550240596,1.93834471355249,153.431194157298,18.9404989821347,16.4820319861264
5,1,2016,83,14.56276,27006,2.43315550240596,1.93834471355249,153.431194157298,18.9404989821347,15.6105215618295
5,1,2016,88,13.28827,25005.5,2.43315550240596,1.93834471355249,153.431194157298,18.9404989821347,12.4117317706414
5,1,2016,88,13.28827,25006,2.43315550240596,1.93834471355249,153.431194157298,18.9404989821347,13.1949540126894
6,1,2017,2,13.11923,25505.61,2.36434764499582,2.64517630712783,136.243740634119,18.4284127688428,16.2713924136027
6,1,2017,2,13.43948,25005.5,2.36434764499582,2.64517630712783,136.243740634119,18.4284127688428,16.0780253660651
6,1,2017,3,13.11923,25506,2.36434764499582,2.64517630712783,136.243740634119,18.4284127688428,13.9933525478325
6,1,2017,3,13.43948,25006,2.36434764499582,2.64517630712783,136.243740634119,18.4284127688428,13.0053727420366
6,1,2017,4,13.15052,26005.72,2.36434764499582,2.64517630712783,136.243740634119,18.4284127688428,11.8329427579892
6,1,2017,4,13.15052,26006,2.36434764499582,2.64517630712783,136.243740634119,18.4284127688428,12.8334181149111
6,1,2017,28,12.3837,26006,2.36434764499582,2.64517630712783,136.243740634119,18.4284127688428,15.3841903375255
6,1,2017,30,12.3837,26005.72,2.36434764499582,2.64517630712783,136.243740634119,18.4284127688428,3.49264171086061
6,1,2017,31,12.45162,26005.72,2.36434764499582,2.64517630712783,136.243740634119,18.4284127688428,15.2873419622156
6,1,2017,31,12.45162,26006,2.36434764499582,2.64517630712783,136.243740634119,18.4284127688428,14.7154420327722
6,1,2017,64,13.07111,25005.5,2.36434764499582,2.64517630712783,136.243740634119,18.4284127688428,12.0940364986309
6,1,2017,64,13.07111,25006,2.36434764499582,2.64517630712783,136.243740634119,18.4284127688428,13.3869635697321
6,1,2017,69,13.28094,25505.61,2.36434764499582,2.64517630712783,136.243740634119,18.4284127688428,15.1270706140689
6,1,2017,69,13.28094,25506,2.36434764499582,2.64517630712783,136.243740634119,18.4284127688428,12.5306870772497
6,1,2017,78,11.33299,27506,2.36434764499582,2.64517630712783,136.243740634119,18.4284127688428,9.73971722270944
6,1,2017,79,11.33299,27506.05,2.36434764499582,2.64517630712783,136.243740634119,18.4284127688428,15.1603485656698
6,1,2017,81,11.83501,25005.5,2.36434764499582,2.64517630712783,136.243740634119,18.4284127688428,13.3779011986468
6,1,2017,81,11.83501,25006,2.36434764499582,2.64517630712783,136.243740634119,18.4284127688428,13.4701804370939
6,1,2017,81,13.06503,26005.72,2.36434764499582,2.64517630712783,136.243740634119,18.4284127688428,12.6851665483648
6,1,2017,81,13.06503,26006,2.36434764499582,2.64517630712783,136.243740634119,18.4284127688428,12.7280112817535
6,1,2017,81,13.4992,26505.83,2.36434764499582,2.64517630712783,136.243740634119,18.4284127688428,12.6130387989607
6,1,2017,81,13.4992,26506,2.36434764499582,2.64517630712783,136.243740634119,18.4284127688428,11.8112594237083
7,1,2018,24,15.4873,25506,2.36604338414414,4.41247725144503,157.022321531391,21.0417111459023,17.8547156302715
7,1,2018,27,13.26443,25006,2.36604338414414,4.41247725144503,157.022321531391,21.0417111459023,15.9248958772488
7,1,2018,27,14.66932,25506,2.36604338414414,4.41247725144503,157.022321531391,21.0417111459023,16.7324338748242
7,1,2018,29,13.26443,25006,2.36604338414414,4.41247725144503,157.022321531391,21.0417111459023,17.5627042872853
7,1,2018,29,14.66932,25506,2.36604338414414,4.41247725144503,157.022321531391,21.0417111459023,17.626249358642
7,1,2018,38,12.37858,25506,2.36604338414414,4.41247725144503,157.022321531391,21.0417111459023,14.2366087983476
7,1,2018,38,13.27742,26006,2.36604338414414,4.41247725144503,157.022321531391,21.0417111459023,13.3628028315368
7,1,2018,39,12.21264,26006,2.36604338414414,4.41247725144503,157.022321531391,21.0417111459023,9.60725073093485
7,1,2018,39,13.2386,26006,2.36604338414414,4.41247725144503,157.022321531391,21.0417111459023,10.8022145882838
7,1,2018,44,13.35984,25006,2.36604338414414,4.41247725144503,157.022321531391,21.0417111459023,12.0979709564905
7,1,2018,44,14.16523,25006,2.36604338414414,4.41247725144503,157.022321531391,21.0417111459023,12.0867114252632
7,1,2018,45,13.35984,25006,2.36604338414414,4.41247725144503,157.022321531391,21.0417111459023,17.9227864299731
7,1,2018,45,14.16523,25006,2.36604338414414,4.41247725144503,157.022321531391,21.0417111459023,16.8559063917386
7,1,2018,64,12.82733,25006,2.36604338414414,4.41247725144503,157.022321531391,21.0417111459023,13.5224805755756
7,1,2018,64,13.85389,25006,2.36604338414414,4.41247725144503,157.022321531391,21.0417111459023,14.9161788590936
7,1,2018,80,12.80825,26506,2.36604338414414,4.41247725144503,157.022321531391,21.0417111459023,8.70390354293757
7,1,2018,81,13.04771,25506,2.36604338414414,4.41247725144503,157.022321531391,21.0417111459023,14.8417332627544
7,1,2018,81,13.48143,25506,2.36604338414414,4.41247725144503,157.022321531391,21.0417111459023,14.8391410059574
8,1,2019,3,7.13577,25005,2.28685311482751,3.14153062340838,171.716500442906,20.4682004644553,11.9582313109896
8,1,2019,3,8.862033,27005,2.28685311482751,3.14153062340838,171.716500442906,20.4682004644553,10.0704280932496
8,1,2019,14,8.349962,25505,2.28685311482751,3.14153062340838,171.716500442906,20.4682004644553,7.2670944573862
8,1,2019,19,9.443155,27005,2.28685311482751,3.14153062340838,171.716500442906,20.4682004644553,7.43163493398561
8,1,2019,19,9.953161,25005,2.28685311482751,3.14153062340838,171.716500442906,20.4682004644553,7.6437428301665
8,1,2019,20,9.071875,26005,2.28685311482751,3.14153062340838,171.716500442906,20.4682004644553,12.4134045969268
8,1,2019,20,10.06418,25505,2.28685311482751,3.14153062340838,171.716500442906,20.4682004644553,13.0233979351852
8,1,2019,20,10.46306,25005,2.28685311482751,3.14153062340838,171.716500442906,20.4682004644553,12.9724584239804
8,1,2019,23,8.802469,26505,2.28685311482751,3.14153062340838,171.716500442906,20.4682004644553,11.3897370923675
8,1,2019,23,9.361408,25005,2.28685311482751,3.14153062340838,171.716500442906,20.4682004644553,11.6335341946607
8,1,2019,23,9.723225,26505,2.28685311482751,3.14153062340838,171.716500442906,20.4682004644553,10.6934036948376
8,1,2019,27,8.630065,25505,2.28685311482751,3.14153062340838,171.716500442906,20.4682004644553,12.3187174156177
8,1,2019,27,9.973842,26005,2.28685311482751,3.14153062340838,171.716500442906,20.4682004644553,12.2694994125965
8,1,2019,33,9.575761,25505,2.28685311482751,3.14153062340838,171.716500442906,20.4682004644553,14.2363148797898
8,1,2019,33,9.863738,26005,2.28685311482751,3.14153062340838,171.716500442906,20.4682004644553,10.7461977597454
8,1,2019,63,8.918127,25505,2.28685311482751,3.14153062340838,171.716500442906,20.4682004644553,8.04803876327534
8,1,2019,63,9.809582,26505,2.28685311482751,3.14153062340838,171.716500442906,20.4682004644553,9.61761720151863
8,1,2019,63,10.34768,25505,2.28685311482751,3.14153062340838,171.716500442906,20.4682004644553,9.71067302652997
8,1,2019,80,8.919367,26005,2.28685311482751,3.14153062340838,171.716500442906,20.4682004644553,8.13284172973908
8,1,2019,87,6.22643,26005,2.28685311482751,3.14153062340838,171.716500442906,20.4682004644553,10.3908311669576
8,1,2019,87,7.990717,25505,2.28685311482751,3.14153062340838,171.716500442906,20.4682004644553,9.99456831504871
8,1,2019,87,9.239545,27005,2.28685311482751,3.14153062340838,171.716500442906,20.4682004644553,10.812901887767
9,2,2012,22,11.8693373984394,26000,2.47895962637854,0.961305473071357,143.31109703343,22.4850856552341,11.9550600352391
9,2,2012,22,11.8944444050992,26000,2.47895962637854,0.961305473071357,143.31109703343,22.4850856552341,12.8776715467314
9,2,2012,22,11.9383816667539,26000,2.47895962637854,0.961305473071357,143.31109703343,22.4850856552341,11.2563420239341
9,2,2012,26,11.3358135069178,26000,2.47895962637854,0.961305473071357,143.31109703343,22.4850856552341,6.1656889895114
9,2,2012,26,11.461348540217,26000,2.47895962637854,0.961305473071357,143.31109703343,22.4850856552341,8.31309411486325
9,2,2012,26,11.6998651034854,26000,2.47895962637854,0.961305473071357,143.31109703343,22.4850856552341,7.79014133328203
9,2,2012,32,10.4256845154986,26000,2.47895962637854,0.961305473071357,143.31109703343,22.4850856552341,9.1347415256535
9,2,2012,32,10.4947287838131,26000,2.47895962637854,0.961305473071357,143.31109703343,22.4850856552341,10.444333920718
9,2,2012,32,10.9592084070202,26000,2.47895962637854,0.961305473071357,143.31109703343,22.4850856552341,9.43143822009626
9,2,2012,55,10.5574963004627,26000,2.47895962637854,0.961305473071357,143.31109703343,22.4850856552341,3.8658392026765
9,2,2012,55,10.8587803803808,26000,2.47895962637854,0.961305473071357,143.31109703343,22.4850856552341,3.50388178211135
9,2,2012,55,11.5052858018717,26000,2.47895962637854,0.961305473071357,143.31109703343,22.4850856552341,3.33814169611786
9,2,2012,59,11.3295367552528,26000,2.47895962637854,0.961305473071357,143.31109703343,22.4850856552341,16.5770412567298
9,2,2012,59,12.4719055582755,26000,2.47895962637854,0.961305473071357,143.31109703343,22.4850856552341,17.4369343879748
9,2,2012,59,13.1372412347613,26000,2.47895962637854,0.961305473071357,143.31109703343,22.4850856552341,15.4112545980349
9,2,2012,60,11.3546437619126,26000,2.47895962637854,0.961305473071357,143.31109703343,22.4850856552341,8.59271029814417
9,2,2012,60,12.1015772100429,26000,2.47895962637854,0.961305473071357,143.31109703343,22.4850856552341,9.33182243690885
9,2,2012,60,12.1266842167027,26000,2.47895962637854,0.961305473071357,143.31109703343,22.4850856552341,9.4359364301406
9,2,2012,73,10.7395220987466,26000,2.47895962637854,0.961305473071357,143.31109703343,22.4850856552341,12.2209833793345
9,2,2012,73,11.5241160568666,26000,2.47895962637854,0.961305473071357,143.31109703343,22.4850856552341,12.2070529227694
9,2,2012,73,12.0262561900634,26000,2.47895962637854,0.961305473071357,143.31109703343,22.4850856552341,13.0191000611836
9,2,2012,74,12.396584538296,26000,2.47895962637854,0.961305473071357,143.31109703343,22.4850856552341,12.1450860830139
9,2,2012,74,13.5075695829939,26000,2.47895962637854,0.961305473071357,143.31109703343,22.4850856552341,12.6098795668743
9,2,2012,74,13.658211622953,26000,2.47895962637854,0.961305473071357,143.31109703343,22.4850856552341,10.9457600239496
10,2,2013,10,9.47161826242464,26506,2.41057624137239,2.34085438514427,149.219469981581,20.5536917414821,11.6890769543434
10,2,2013,15,11.0282526753347,27506,2.41057624137239,2.34085438514427,149.219469981581,20.5536917414821,9.45368528864506
10,2,2013,15,11.1914482186237,26506,2.41057624137239,2.34085438514427,149.219469981581,20.5536917414821,9.24998455762361
10,2,2013,15,11.6998651034854,26006,2.41057624137239,2.34085438514427,149.219469981581,20.5536917414821,7.79366739653366
10,2,2013,15,12.2647727533318,25506,2.41057624137239,2.34085438514427,149.219469981581,20.5536917414821,7.44117572907949
10,2,2013,17,11.7877396267949,25506,2.41057624137239,2.34085438514427,149.219469981581,20.5536917414821,15.3507394968033
10,2,2013,17,12.0262561900634,27506,2.41057624137239,2.34085438514427,149.219469981581,20.5536917414821,17.2915329819256
10,2,2013,17,12.4656288066106,25006,2.41057624137239,2.34085438514427,149.219469981581,20.5536917414821,16.5423036632281
10,2,2013,36,11.6810348484906,26006,2.41057624137239,2.34085438514427,149.219469981581,20.5536917414821,22.5647000507429
10,2,2013,47,13.0681969664467,25506,2.41057624137239,2.34085438514427,149.219469981581,20.5536917414821,12.2647881300297
10,2,2013,50,12.4154147932909,26506,2.41057624137239,2.34085438514427,149.219469981581,20.5536917414821,12.424587828333
10,2,2013,50,12.9614921881424,27006,2.41057624137239,2.34085438514427,149.219469981581,20.5536917414821,12.0651146519858
10,2,2013,50,12.9803224431373,27006,2.41057624137239,2.34085438514427,149.219469981581,20.5536917414821,10.9674788978718
10,2,2013,50,13.4134183080195,26006,2.41057624137239,2.34085438514427,149.219469981581,20.5536917414821,11.5776159616951
10,2,2013,50,13.4259718113494,26006,2.41057624137239,2.34085438514427,149.219469981581,20.5536917414821,11.4686044455174
10,2,2013,51,12.8108501481834,26006,2.41057624137239,2.34085438514427,149.219469981581,20.5536917414821,9.86097331707489
10,2,2013,51,13.1184109797664,25506,2.41057624137239,2.34085438514427,149.219469981581,20.5536917414821,9.50103825831872
10,2,2013,72,13.9092816895514,26506,2.41057624137239,2.34085438514427,149.219469981581,20.5536917414821,11.0670474296121
10,2,2013,72,13.9971562128608,25506,2.41057624137239,2.34085438514427,149.219469981581,20.5536917414821,13.4905731282904
10,2,2013,84,12.8045733965184,25506,2.41057624137239,2.34085438514427,149.219469981581,20.5536917414821,9.38594322042889
11,2,2014,11,11.29188,26006,2.34961760605794,2.72445949622746,160.611379712518,19.7111502271306,8.40685558136858
11,2,2014,11,11.33581,27506,2.34961760605794,2.72445949622746,160.611379712518,19.7111502271306,9.82424339841218
11,2,2014,11,11.3672,26506,2.34961760605794,2.72445949622746,160.611379712518,19.7111502271306,8.47143311532933
11,2,2014,12,11.61827,25006,2.34961760605794,2.72445949622746,160.611379712518,19.7111502271306,7.07971831521244
11,2,2014,15,10.97804,25006,2.34961760605794,2.72445949622746,160.611379712518,19.7111502271306,6.96126590169357
11,2,2014,15,12.33382,25006,2.34961760605794,2.72445949622746,160.611379712518,19.7111502271306,7.5130132857142
11,2,2014,17,11.08474,27506,2.34961760605794,2.72445949622746,160.611379712518,19.7111502271306,14.9698660132623
11,2,2014,17,12.23967,25006,2.34961760605794,2.72445949622746,160.611379712518,19.7111502271306,15.8568244772969
11,2,2014,42,11.9321,26506,2.34961760605794,2.72445949622746,160.611379712518,19.7111502271306,11.5021923828026
11,2,2014,49,12.27105,26506,2.34961760605794,2.72445949622746,160.611379712518,19.7111502271306,6.4677754694137
11,2,2014,49,12.37775,26506,2.34961760605794,2.72445949622746,160.611379712518,19.7111502271306,8.69000360077895
11,2,2014,51,12.48446,26006,2.34961760605794,2.72445949622746,160.611379712518,19.7111502271306,9.15008707955382
11,2,2014,51,12.67904,26506,2.34961760605794,2.72445949622746,160.611379712518,19.7111502271306,8.98479989200581
11,2,2014,57,12.17062,25006,2.34961760605794,2.72445949622746,160.611379712518,19.7111502271306,9.77306835694031
11,2,2014,57,12.57861,26006,2.34961760605794,2.72445949622746,160.611379712518,19.7111502271306,10.256862497762
11,2,2014,61,11.57433,26506,2.34961760605794,2.72445949622746,160.611379712518,19.7111502271306,9.18705262099769
11,2,2014,61,13.15607,25006,2.34961760605794,2.72445949622746,160.611379712518,19.7111502271306,8.87491591280308
11,2,2014,72,11.84423,25506,2.34961760605794,2.72445949622746,160.611379712518,19.7111502271306,11.1404126643444
11,2,2014,72,12.45935,25006,2.34961760605794,2.72445949622746,160.611379712518,19.7111502271306,11.9109882800474
11,2,2014,72,13.90928,26006,2.34961760605794,2.72445949622746,160.611379712518,19.7111502271306,11.6975615401132
11,2,2014,76,12.87362,27506,2.34961760605794,2.72445949622746,160.611379712518,19.7111502271306,10.8685243849225
11,2,2014,84,11.80657,26006,2.34961760605794,2.72445949622746,160.611379712518,19.7111502271306,6.69906191992918
12,2,2015,30,9.984288,27506.05,2.40767309953514,3.00934422223266,88.1840898203906,20.9498405534781,4.53586713065356
12,2,2015,42,12.35232,25505.61,2.40767309953514,3.00934422223266,88.1840898203906,20.9498405534781,12.9526636424216
13,2,2016,21,11.92417,26005.72,2.48300298241596,1.09608803566803,134.421349167573,19.2509842561051,8.54775190482965
13,2,2016,21,11.92417,26006,2.48300298241596,1.09608803566803,134.421349167573,19.2509842561051,10.0512780778229
13,2,2016,43,12.99629,25505.61,2.48300298241596,1.09608803566803,134.421349167573,19.8395140979502,14.4310109874566
13,2,2016,43,12.99629,25506,2.48300298241596,1.09608803566803,134.421349167573,19.8395140979502,14.8198079887152
13,2,2016,58,13.35635,25005.5,2.48300298241596,1.09608803566803,134.421349167573,19.2509842561051,15.6497660078997
13,2,2016,58,13.35635,25006,2.48300298241596,1.09608803566803,134.421349167573,19.2509842561051,15.1544716268738
13,2,2016,62,13.12492,27005.94,2.48300298241596,1.09608803566803,134.421349167573,19.8395140979502,10.1062293201857
13,2,2016,62,13.12492,27006,2.48300298241596,1.09608803566803,134.421349167573,19.8395140979502,10.1196210568658
13,2,2016,66,11.58078,25006,2.48300298241596,1.09608803566803,134.421349167573,19.8395140979502,9.50472394766088
13,2,2016,68,11.58078,25005.5,2.48300298241596,1.09608803566803,134.421349167573,19.8395140979502,14.0144225947278
14,2,2017,13,13.41115,27005.94,2.46161158236196,2.51920055835013,128.45209205628,18.9278753632508,20.0912928193206
14,2,2017,13,13.41115,27006,2.46161158236196,2.51920055835013,128.45209205628,18.9278753632508,21.2151334237082
14,2,2017,18,12.10189,27005.94,2.46161158236196,2.51920055835013,128.45209205628,18.9278753632508,19.8268313043041
14,2,2017,18,12.10189,27006,2.46161158236196,2.51920055835013,128.45209205628,18.9278753632508,19.1842120126427
14,2,2017,37,12.81008,25005.5,2.46161158236196,2.51920055835013,128.45209205628,18.9672453344524,12.0663883729414
14,2,2017,37,12.81008,25006,2.46161158236196,2.51920055835013,128.45209205628,18.9672453344524,12.3322672257399
14,2,2017,48,11.27243,25005.5,2.46161158236196,2.51920055835013,128.45209205628,18.9278753632508,13.1091648868303
14,2,2017,48,11.27243,25006,2.46161158236196,2.51920055835013,128.45209205628,18.9278753632508,14.0890314416795
14,2,2017,56,12.95277,25505.61,2.46161158236196,2.51920055835013,128.45209205628,18.9278753632508,16.8367115321814
14,2,2017,56,12.95277,25506,2.46161158236196,2.51920055835013,128.45209205628,18.9278753632508,15.6315564900149
14,2,2017,58,12.85338,26005.72,2.46161158236196,2.51920055835013,128.45209205628,18.9278753632508,15.9540809725064
14,2,2017,58,12.85338,26006,2.46161158236196,2.51920055835013,128.45209205628,18.9278753632508,16.8303316692218
14,2,2017,65,13.51222,25006,2.46161158236196,2.51920055835013,128.45209205628,18.9672453344524,19.8144756615563
14,2,2017,66,12.23423,25006,2.46161158236196,2.51920055835013,128.45209205628,18.9672453344524,8.44991109749769
14,2,2017,66,12.27883,27506,2.46161158236196,2.51920055835013,128.45209205628,18.9672453344524,10.5742954245938
14,2,2017,67,13.51222,25005.5,2.46161158236196,2.51920055835013,128.45209205628,18.9672453344524,19.7039298361046
14,2,2017,68,12.23423,25005.5,2.46161158236196,2.51920055835013,128.45209205628,18.9672453344524,15.1071830456622
14,2,2017,68,12.27883,27506.05,2.46161158236196,2.51920055835013,128.45209205628,18.9672453344524,16.2552517566767
14,2,2017,69,13.32937,25505.61,2.46161158236196,2.51920055835013,128.45209205628,18.9672453344524,16.4146997164428
14,2,2017,69,13.32937,25506,2.46161158236196,2.51920055835013,128.45209205628,18.9672453344524,16.9751332118416
14,2,2017,78,12.56665,25006,2.46161158236196,2.51920055835013,128.45209205628,18.9672453344524,14.0478004668697
14,2,2017,78,12.90309,25506,2.46161158236196,2.51920055835013,128.45209205628,18.9672453344524,13.8581961458953
14,2,2017,79,12.56665,25005.5,2.46161158236196,2.51920055835013,128.45209205628,18.9672453344524,19.4902368417929
14,2,2017,79,12.90309,25505.61,2.46161158236196,2.51920055835013,128.45209205628,18.9672453344524,20.5457378632111
14,2,2017,80,14.10191,25005.5,2.46161158236196,2.51920055835013,128.45209205628,18.9672453344524,11.3077109858264
14,2,2017,80,14.10191,25006,2.46161158236196,2.51920055835013,128.45209205628,18.9672453344524,11.3603625172874
14,2,2017,81,11.68197,27005.94,2.46161158236196,2.51920055835013,128.45209205628,18.9672453344524,15.1419091145509
14,2,2017,81,11.68197,27006,2.46161158236196,2.51920055835013,128.45209205628,18.9672453344524,16.8342689832221
14,2,2017,81,13.72351,25505.61,2.46161158236196,2.51920055835013,128.45209205628,18.9672453344524,16.5712369616214
14,2,2017,81,13.72351,25506,2.46161158236196,2.51920055835013,128.45209205628,18.9672453344524,15.7315071538997
14,2,2017,83,14.10683,25505.61,2.46161158236196,2.51920055835013,128.45209205628,18.9672453344524,18.0883924879792
14,2,2017,83,14.10683,25506,2.46161158236196,2.51920055835013,128.45209205628,18.9672453344524,19.0125829728911
15,2,2018,13,11.60254,25006,2.43777506837424,2.29520400430324,145.100128565106,21.8534588243545,18.9941655390939
15,2,2018,13,11.72213,26006,2.43777506837424,2.29520400430324,145.100128565106,21.8534588243545,20.3217779973473
15,2,2018,38,10.54742,25506,2.43777506837424,2.29520400430324,145.100128565106,21.8534588243545,15.0979149614944
15,2,2018,38,11.66481,25506,2.43777506837424,2.29520400430324,145.100128565106,21.8534588243545,15.8471989153837
15,2,2018,39,12.26361,25006,2.43777506837424,2.29520400430324,145.100128565106,21.8534588243545,11.6084315408122
15,2,2018,44,12.18063,26006,2.43777506837424,2.29520400430324,145.100128565106,21.8534588243545,14.3980034904067
15,2,2018,45,12.18063,26006,2.43777506837424,2.29520400430324,145.100128565106,21.8534588243545,17.529811231608
15,2,2018,81,12.18095,25506,2.43777506837424,2.29520400430324,145.100128565106,21.8534588243545,14.3782073645218
16,2,2019,16,13.31238,26505,2.36554900435919,3.91211546057305,173.450725753923,20.8691618682418,4.99654775471823
16,2,2019,44,15.23632,26505,2.36554900435919,3.91211546057305,173.450725753923,20.8691618682418,11.665516581378
16,2,2019,75,12.78454,27506,2.36554900435919,3.91211546057305,173.450725753923,20.8691618682418,6.02862607599372
16,2,2019,81,13.45575,26505,2.36554900435919,3.91211546057305,173.450725753923,20.8691618682418,14.5165417645065
